Unnamed: 0,Star_name,Distance,Mass,Radius,radius,Gravity
0,Sun,1.5813e-05,1.0,1,1.0,274.2691614595739
1,Sirius,8.6,2.1,1.71´,1.71,196.97179955032502
2,Canopus,310.0,15.0,71,71.0,0.8161153386021839
3,Alpha Centauri,4.4,1.1,1.2,1.2,209.51116500384126
4,Arcturus,37.0,1.1,26,26.0,0.4462959727892475
5,Vega,25.0,2.2,2.7,2.7,82.76984296448046
6,Capella,43.0,2.6,12,12.0,4.952082081908975
7,Rigel,860.0,23.0,78.9,78.9,1.0133297854321701
8,Procyon,11.4,1.5,1.9,1.9,113.96225545411659
9,Betelgeuse,144.0,20.0,950,950.0,0.006077986957552886
10,Achernar,390.0,6.7,9.3,9.3,21.246425965766498
11,Hadar,17.0,10.5,8.6,8.6,38.93761756794925
12,Altair,320.0,1.8,1.8,1.8,152.37175636642996
13,Acrux,65.0,18.0,8.9,8.9,62.32603088337749
14,Aldebaran,600.0,1.5,44,44.0,0.21250193294905007
15,Antares,260.0,12.0,680,680.0,0.0071177118025841
16,Spica,34.0,11.43,7.47,7.47,56.18003500809
17,Pollux,25.0,1.9,8.8,8.8,6.729227876719916
18,Fomalhaut,2600.0,1.9,1.8,1.8,160.83685394234269
19,Deneb,350.0,19.0,203,203.0,0.12645572733460908
20,Mimosa,77.0,16.0,8.4,8.4,62.192553618951
21,Regulus,430.0,3.8,3.1,3.1,108.45190567600218
22,Adhara,700.0,12.5,14,14.0,17.491655705329972
23,Shaula,52.0,14.5,8.8,8.8,51.35463379602042
24,Castor,88.0,2.8,2.4,2.4,133.3252868206262
25,Gacrux,240.0,1.5,84,84.0,0.05830551901776656
26,Bellatrix,130.0,8.6,5.8,5.8,70.11637302474244
27,Elnath,110.0,5.0,4.2,4.2,77.74069202368877
28,Miaplacidus,2000.0,3.5,6.8,6.8,20.759992757536963
29,Alnilam,1100.0,32.0,42,42.0,4.9754042895160815
30,Gamma Velorum,101.0,9.0,6,6.0,68.56729036489348
31,Alnair,81.0,4.0,3.4,3.4,94.90282403445462
32,Alioth,1050.0,2.9,4.2,4.2,45.089601373739484
33,Alnitak,120.0,33.0,20,20.0,22.627205820414854
34,Dubhe,590.0,4.25,30,30.0,1.2951599291146547
35,Mirfak,1600.0,8.5,68,68.0,0.5041712526830403
36,Wezen,270.0,17.0,200,200.0,0.11656439362031895
37,Sargas,140.0,5.7,26,26.0,2.3126245862715558
38,Kaus Australis,630.0,3.5,6.8,6.8,20.759992757536963
39,Avior,104.0,9.0,130,130.0,0.14606050018557193
40,Alkaid,81.0,6.1,3.4,3.4,144.7268066525433
41,Menkalinan,390.0,2.39,2.77,2.77,85.43097080483021
42,Atria,109.0,7.0,92,92.0,0.22682941046987445
43,Alhena,180.0,2.8,3.3,3.3,70.51915997124031
44,Peacock,80.0,5.9,4.8,4.8,70.23385645015132
45,Alsephina[2],500.0,2.4,2.9,2.9,78.26943965552645
46,Mirzam,430.0,13.5,10,10.0,37.0263367970425
47,Polaris,180.0,5.4,39,39.0,0.973736667903813
48,Alphard,1200.0,3.0,50,50.0,0.32912299375148873
49,Mintaka,196.0,24.0,16.5,16.5,24.17799770442525
50,Scheat,653.0,2.1,95,95.0,0.0638188630543053
51,Almaaz,360.0,15.0,140,140.0,0.20989986846395964
52,Rasalgethi,11.9,2.8,280,280.0,0.00979532719498478
53,Tau Ceti,19.92,0.7829999999999999,0.893,0.893,269.2996711047934
54,Delta Pavonis,10.48,0.991,1.22,1.22,182.61269753187165
55,Ran,8900.0,0.82,0.74,0.74,410.7025427261697
56,V382 Carinae,7500.0,20.0,485,485.0,0.023319728894426524
57,Eta Carinae,887.0,100.0,60–881,1.18,19697.58413240261
58,Delta Cephei,6000.0,4.5,44.5,44.5,0.6232603088337749
59,Mu Cephei,44.25,19.2,972,972.0,0.005573726798954914
60,Titawin,8154.0,1.27,1.48,1.48,159.02202111653529
61,Rho Cassiopeiae,5545.0,22.0,636-981,636.981,0.014871223576912031
62,P Cygni,1000.0,30.0,76,76.0,1.4245281931764575
63,La Superba,4900.0,30.0,129 - 342,129.342,0.4918346131791984
64,VV Cephei,11.41,18.2,"516 - 1,050",1.18,3584.9603120972747
65,61 Cygni,178.0,0.7,0.665,0.665,434.14192553949175
66,R Doradus,281.0,30.0,298,298.0,0.09265432687477164
67,Polaris Australis,4566.0,1.59,3.74,3.74,31.17675417660804
68,R Coronae Borealis,36.1,0.85,85,85.0,0.032266960171714584
69,54 Piscium,300.0,0.76,0.94,0.94,235.9037604224493
70,Mira,14000.0,1.2,370,370.0,0.00240411244522636
71,RW Cephei,12.87,13.9,"1,158",1.158,2842.9856016179992
72,Lacaille 8760,19896.0,0.6,0.51,0.51,632.6854935630311
73,V838 Monocerotis,190.0,30.0,380 - 750,380.75,0.056756866372697
74,HD 140283,130.0,30.0,1.4,1.4,4197.997369279194
75,II Pegasi,3900.0,0.8,3.4,3.4,18.98056480689093
76,VY Canis Majoris,25000.0,17.0,"1,420",1.42,2312.326792706188
77,Pistol Star,169000.0,100.0,320,320.0,0.2678409779878652
78,S Doradus,5100.0,24.0,380,380.0,0.04558490218164664
79,UY Scuti,5.98,30.0,755,755.0,0.014434585928314054
80,Barnard's Star,6.52,0.14,0.2,0.2,959.9420651085088
81,Luhman 16,4.25,0.04,?,1.18,7.879033652961046
82,Proxima Centauri,1470.0,0.12,0.15,0.15,1462.7688611177273
83,KIC 8462852,163000.0,1.43,1.58,1.58,157.10819615734286
84,R136a1,163000.0,290.0,32,32.0,77.67388361648091
85,Melnick 42,18134.0,189.0,21.1,21.1,116.43240609119171
86,WR 102,164000.0,19.0,0.39,0.39,34261.104981800825
87,VFTS 352,2772.0,57.48,14.47,14.47,75.29335961731134
88,YBP 1194,47.5,1.01,0.99,0.99,282.6363157577489
89,Gliese 1214,5251.0,0.16,0.21,0.21,995.0808579032164
90,NML Cygni,18.72,50.0,"1,640 - 2,770",1.18,9848.792066201306
91,VB 10,163000.0,0.075,0.1,0.1,2057.0187109468047
92,WOH G64,39.6,20.0,"1,540 - 1,730",1.18,3939.516826480522
93,TRAPPIST-1,40.3,0.08900000000000001,0.12,0.12,1695.1357895765334
94,2MASS J0523-1403,7.27,0.07,0.086,0.086,2595.8411711966182
95,WISE 0855−0714,14400000000.0,0.003,?,1.18,0.5909275239720784
96,Icarus,46.1,33.0,?,1.18,6500.202763692862
97,SDSS J000013.54+255418.6 [de],192.0,48.0,0.99,0.99,13432.220946902915
98,2MASS J00040288-6410358,,19.0,1.63,1.63,1961.3512242583106
99,LHS 102BC,37.7,30.0,,1.18,5909.275239720782
100,2MASS J00242463-0158201,143.0,79.0,1.09,1.09,18236.902411671017
101,2MASS J00250365+4759191AB,236.0,30.0,,1.18,5909.275239720782
102,2MASS J00274197+0503417,46.9,31.0,1.44,1.44,4100.281638332751
103,2MASS J00275592+2219328,87.2,30.0,,1.18,5909.275239720782
104,2MASSW J0030300-145033,131.0,54.0,0.98,0.98,15421.214825923567
105,2MASS J00332386-1521309 [de],31.0,29.0,1.43,1.43,3889.5817312962213
106,2MASS J00345157+0523050,28.6,42.0,0.94,0.94,13036.786760187986
107,2MASS 0036+1821,57.0,42.0,0.94,0.94,13036.786760187986
108,2MASSW J0045214+163445,40.0,23.0,1.62,1.62,2403.6696820493066
109,WISEP J004701.06+680352.1 [fr],34.0,12.0,1.3,1.3,1947.473335807625
110,2MASS J00501994-3322402 [de],,40.0,0.94,0.94,12415.987390655228
111,2MASS J00034227-2822410,96.0,30.0,,1.18,5909.275239720782
112,2MASS J00584253-0651239 [de],30.0,29.0,1.43,1.43,3889.5817312962213
113,CFBDS J005910.90–011401.3,70.0,23.0,,1.18,4530.4443504526
114,2MASSI J0103320+193536,51.0,52.0,0.98,0.98,14850.058721259731
115,SDSSp J010752.33+004156.1 [de],163.0,52.0,0.98,0.98,14850.058721259731
116,2MASSI J0117474-340325 [de],130.0,20.0,1.62,1.62,2090.147549608093
117,2MASS J01415823-4633574 [de],70.0,20.0,1.61,1.61,2116.192750739354
118,SDSS J015141.69+124429.6,65.0,47.0,0.97,0.97,13700.34072547558
119,DENIS-P J020529.0−115925A,65.0,30.0,,1.18,5909.275239720782
120,DENIS-P J020529.0−115925B,65.0,30.0,,1.18,5909.275239720782
121,DENIS-P J020529.0−115925C,111.0,30.0,,1.18,5909.275239720782
122,SDSS J020742.48+000056.2 [de],101.0,47.0,0.97,0.97,13700.34072547558
123,2MASS J02103857-3015313,155.0,15.0,1.53,1.53,1757.459704341753
124,2MASS J02340093-6442068,152.0,20.0,1.62,1.62,2090.147549608093
125,2MASS J02411151-0326587 [de],35.0,27.0,1.41,1.41,3724.796217196568
126,2MASS J02431371−2453298,53.0,33.0,0.99,0.99,9234.651900995756
127,LP 771-21,,78.0,1.08,1.08,18341.044747811015
128,2MASS J02511327+0047364,12.578,30.0,,1.18,5909.275239720782
129,Teegarden's star,184.0,80.0,1.27,1.27,13603.7776159501
130,2MASS J02535980+3206373,24.0,65.0,1.9,1.9,4938.364403011718
131,WISE J0254+0223,16.2,65.0,1.9,1.9,4938.364403011718
132,DEN 0255-4700,45.0,80.0,0.97,0.97,23319.728894426524
133,2MASS J03185403-3421292 [de],47.0,49.0,0.97,0.97,14283.333947836245
134,2MASS J03205965+1854233,192.0,88.0,1.15,1.15,18250.04628237619
135,2MASS J03231002-4631237,59.0,23.0,1.66,1.66,2289.225835959573
136,SDSS J032553.17+042540.1,80.0,45.0,0.95,0.95,13675.47065449399
137,2MASS J03264225-2102057 [de],98.0,18.0,1.3,1.3,2921.2100037114387
138,2MASS J03284265+2302051 [de],27.0,54.0,0.98,0.98,15421.214825923567
139,2MASS J03341218-4953322,20.9,73.0,1.04,1.04,18511.13978046311
140,LP 944-20,88.0,73.0,1.43,1.43,9791.016082228422
141,2MASP J0345432+254023,380.0,74.0,1.05,1.05,18408.9958712095
142,Teide 1,48.0,55.0,3.78,3.78,1055.7377929142917
143,2MASS J03510004-0052452,29.8,102.0,1.27,1.27,17344.816460336377
144,2MASS J03552337+1133437,130.0,20.0,1.32,1.32,3148.1767844303718
145,DENIS-P J035726.9-441730 [de],18.6,30.0,,1.18,5909.275239720782
146,2MASS J04151954−0935066,50.0,30.0,0.95,0.95,9116.980436329328
147,SDSSp J042348.57-041403.5 [de],85.0,30.0,,1.18,5909.275239720782
148,2MASS J04285096-2253227 [de],34.0,80.0,1.09,1.09,18467.749277641542
149,2MASS J04351612-1606574,142.0,100.0,1.26,1.26,17275.709338597502
150,2MASS J04362788-4114465,29.5,39.0,1.97,1.97,2756.1898778436407
151,2MASS J04390101-2353083 [de],470.0,48.0,0.97,0.97,13991.837336655914
152,2MASS J04414489+2301513,82.0,19.0,,1.18,3742.540985156496
153,2MASS J04433764+0002040,42.0,22.0,1.78,1.78,1904.4064992143121
154,2MASS J04455387-3048204 [de],69.0,64.0,1,1.0,17553.22633341273
155,2MASS J04510093-3402150 [de],44.0,1.04,72,72.0,0.05502313424343305
156,2MASS J05002100+0330501 [de],64.0,64.0,1,1.0,17553.22633341273
157,2MASS J05012406-0010452 [de],73.0,21.0,1.38,1.38,3024.392139598327
158,2MASS J05160945-0445499 [de],40.0,47.0,0.97,0.97,13700.34072547558
159,2MASS J0523−1403,81.0,68.0,1.01,1.01,18282.81833080191
160,2MASS 0532+8246,41.62,83.0,,1.18,16348.994829894165
161,SDSS J053951.99-005902.0,34.0,61.0,1.01,1.01,16400.76350263112
162,2MASS J05591914-1404488 [de],34.6,30.0,,1.18,5909.275239720782
163,LSR 0602+3910 [de],102.0,28.0,1.41,1.41,3862.751632648293
164,2MASS J06085283-2753583,69.0,38.0,1.51,1.51,4570.952210632784
165,WISEP J061135.13-041024.0A,69.0,65.0,,1.18,12803.429686061696
166,WISEP J061135.13-041024.0B,39.0,53.0,,1.18,10439.719590173383
167,2MASS J06244595-4521548 [de],65.0,56.0,0.99,0.99,15670.924438053404
168,2MASS J06411840-4322329 [de],51.0,67.0,1.01,1.01,18013.953355348942
169,DENIS-P J0652197-253450 [de],40.0,75.0,1.05,1.05,18657.766085685304
170,2MASS J07003664+3157266 [de],60.0,30.0,,1.18,5909.275239720782
171,2MASS J07075327-4900503,13.4,72.0,1.03,1.03,18613.79925072045
172,UGPS J072227.51-054031.2,29.6,26.0,0.98,0.98,7425.029360629866
173,2MASSI J0727182+171001 [de],25.8,41.0,0.94,0.94,12726.387075421604
174,2MASS J07290002-3954043 [de],49.0,37.0,0.94,0.94,11484.788336356083
175,SDSS J074201.41+205520.5 [de],49.6,43.0,0.94,0.94,13347.186444954365
176,2MASS J0746425+200032 [fr],55.0,30.0,,1.18,5909.275239720782
177,DENIS-P J0751164-253043 [de],60.0,71.0,1.03,1.03,18355.27426112711
178,2MASS J07522390+1612157,16.1,2.01,68,68.0,0.11922167269328365
179,DENIS J081730.0-615520,67.0,44.0,0.94,0.94,13657.586129720747
180,DENIS J082303.1−491201A,67.0,44.0,,1.18,8666.93701825715
181,DENIS J082303.1−491201B,35.0,28.0,,1.18,5515.323557072731
182,2MASS J08251968+2115521 [de],43.0,52.0,0.98,0.98,14850.058721259731
183,SDSSp J083008.12+482847.4 [de],55.0,48.0,0.99,0.99,13432.220946902915
184,LHS 2021,77.0,88.0,1.15,1.15,18250.04628237619
185,SDSS J083048.80+012831.1 [de],23.53,46.0,0.96,0.96,13689.649986046441
186,2MASSI J0835425-081923 [de],43.0,62.0,1,1.0,17004.688010493584
187,2MASSI J0847287-153237 [de],27.6,64.0,1,1.0,17553.22633341273
188,2MASS J08533619-0329321,50.0,77.0,1.07,1.07,18445.9126844154
189,2MASSI J0859254-194926 [de],95.0,50.0,0.98,0.98,14278.902616595897
190,2MASSW J0920122+351742 [de],20.0,30.0,,1.18,5909.275239720782
191,2MASSI J0937347+293142,17.4,42.0,0.94,0.94,13036.786760187986
192,2MASS 0939−2448,59.0,32.0,0.95,0.95,9724.779132084615
193,2MASS J09490860-1545485 [de],46.0,49.0,0.96,0.96,14582.45324600599
194,2MASS J10073369-4555147,55.0,44.0,0.94,0.94,13657.586129720747
195,2MASSI J1010148-040649 [de],108.0,51.0,0.98,0.98,14564.480668927812
196,2MASSI J1017075+130839 [de],95.0,30.0,,1.18,5909.275239720782
197,SDSS J102109.69-030420.1,60.0,30.0,,1.18,5909.275239720782
198,2MASS J10224821+5825453 [de],53.0,27.0,1.41,1.41,3724.796217196568
199,2MASSW J1036530-344138 [de],34.4,49.0,0.97,0.97,14283.333947836245
200,2MASS J1047538+212423 [de],13.15,42.0,0.94,0.94,13036.786760187986
201,DEN 1048-3956,6.516,77.0,1.07,1.07,18445.9126844154
202,Luhman 16B,6.516,43.0,1.02,1.02,11335.615093004306
203,Luhman 16A,49.0,40.0,1.01,1.01,10754.59901811877
204,DENIS-P J1058.7−1548,180.0,64.0,1,1.0,17553.22633341273
205,TWA 28,163.0,36.0,2.39,2.39,1728.5568902058194
206,Cha 110913-773444,554.0,8.0,1.8,1.8,677.2078060730222
207,OTS 44,63.0,15.0,,1.18,2954.6376198603916
208,SDSS J111010.01+011613.1,18.2,9.0,1.24,1.24,1605.3736037566114
209,2MASS J11145133−2618235,137.0,33.0,0.96,0.96,9820.835859555056
210,TWA 26,89.0,30.0,2.2,2.2,1700.0154635924
211,2MASSW J1146345+223053,129.0,30.0,,1.18,5909.275239720782
212,2MASS J11544223-3400390 [de],31.0,37.0,1.5,1.5,4510.203988446328
213,2MASSW J1155395-372735 [de],,64.0,1,1.0,17553.22633341273
214,TWA 27A,,30.0,,1.18,5909.275239720782
215,TWA 27B,217.0,30.0,,1.18,5909.275239720782
216,2MASS J12074836-3900043,36.0,17.0,1.71,1.71,1594.533615407393
217,2MASSI J1217110-031113 [de],43.0,42.0,0.94,0.94,13036.786760187986
218,2MASS J12255432-2739466,66.0,30.0,,1.18,5909.275239720782
219,DENIS-P J1228.2-1547,45.6,30.0,,1.18,5909.275239720782
220,2M 1237+6526,119.0,41.0,0.94,0.94,12726.387075421604
221,2MASSW J1239272+551537 [de],262.0,30.0,,1.18,5909.275239720782
222,TWA 29,38.0,2.0,25,25.0,0.8776613166706366
223,SDSSp J125453.90-012247.4 [de],61.0,47.0,0.98,0.98,13422.168459600141
224,Kelu-1A,61.0,63.0,0.98,0.98,17991.417296910826
225,Kelu-1B,101.0,58.0,0.98,0.98,16563.527035251238
226,2MASS J13204427+0409045,65.0,67.0,1.01,1.01,18013.953355348942
227,SDSSp J132629.82-003831.5 [de],48.0,51.0,0.97,0.97,14866.32717019691
228,SDSSp J134646.45-003150.4 [de],51.0,44.0,0.94,0.94,13657.586129720747
229,2MASS J13595510-4034582,29.7,63.0,1,1.0,17278.95717195316
230,ULAS J141623.94+134836.3,149.0,32.0,0.96,0.96,9523.234772901873
231,SDSS J141659.78+500626.4 [de],38.0,59.0,0.99,0.99,16510.43824723483
232,DENIS-P J142527.97-365023.4 [de],38.5,21.0,1.32,1.32,3305.585623651889
233,LHS 2924,47.0,76.0,1.06,1.06,18551.491875158084
234,2MASS J14392837+1929150,72.0,72.0,1.03,1.03,18613.79925072045
235,LSPM J1440+1339,47.0,92.0,1.19,1.19,17818.48941055067
236,2MASS J14482563+1031590 [de],104.0,59.0,0.99,0.99,16510.43824723483
237,CFBDSIR 1458+10A,104.0,11.1,1.5,1.5,1353.0611965338976
238,CFBDSIR 1458+10B,35.1,9.0,1.3,1.3,1460.6050018557194
239,TVLM 513-46546,20.7,75.0,1.05,1.05,18657.766085685304
240,2MASS 1503+2525,71.0,44.0,0.94,0.94,13657.586129720747
241,CFBDS J150411+102717,46.0,44.0,0.94,0.94,13657.586129720747
242,2MASSW J1506544+132106 [de],23.9,69.0,1.02,1.02,18189.707939937143
243,2MASS 1507−1627,53.0,60.0,0.99,0.99,16790.276183628648
244,TVLM 868-110639,89.0,79.0,1.08,1.08,18576.186347141924
245,SDSS J151114.66+060742.9 [de],34.0,30.0,,1.18,5909.275239720782
246,2MASSW J1515008+484742 [de],67.0,57.0,0.99,0.99,15950.762374447211
247,2MASSI J1526140+204341 [de],51.0,54.0,0.98,0.98,15421.214825923567
248,DENIS-P J153941.96-052042.4 [de],37.0,63.0,1,1.0,17278.95717195316
249,2MASS J15462718-3325111 [de],68.0,44.0,0.94,0.94,13657.586129720747
250,2MASSW J1552591+294849 [de],44.0,30.0,1.43,1.43,4023.705239271954
251,2MASSW J1555157-095605 [de],48.0,71.0,1.03,1.03,18355.27426112711
252,2MASS J16150413+1340079 [de],36.0,42.0,0.94,0.94,13036.786760187986
253,SDSSp J162414.37+002915.6 [de],110.0,43.0,0.94,0.94,13347.186444954365
254,2MASS J16262034+3925190 [de],50.0,71.0,1.03,1.03,18355.27426112711
255,2MASSW J1632291+190441 [de],28.0,49.0,0.97,0.97,14283.333947836245
256,WISEPA J164715.59+563208.2,60.0,41.0,0.94,0.94,12726.387075421604
257,LSPM J1658+7027 [de],114.0,73.0,1.04,1.04,18511.13978046311
258,2MASSI J1726000+153819,79.0,24.0,1.4,1.4,3358.3978954233557
259,2MASSW J1728114+394859,90.0,30.0,,1.18,5909.275239720782
260,SDSSp J175032.96+175903.9,39.0,47.0,0.97,0.97,13700.34072547558
261,2MASS J18283572-4849046,18.5,45.0,0.95,0.95,13675.47065449399
262,LSR J1835+3259,138.0,77.0,1.07,1.07,18445.9126844154
263,2MASSW J1841086+311727,46.0,67.0,1.01,1.01,18013.953355348942
264,2MASS J18432213+4040209,105.0,96.0,1.22,1.22,17690.02922609453
265,2MASS J20004841-7523070,65.0,25.0,1.88,1.88,1939.9980297898792
266,SDSS J204749.61-071818.3,47.0,46.0,0.96,0.96,13689.649986046441
267,2MASSI J2057540-025230,108.0,70.0,1.02,1.02,18453.326895588405
268,2MASSW J2101154+175658,62.0,30.0,,1.18,5909.275239720782
269,2MASSI J2104149-103736,80.0,69.0,1.02,1.02,18189.707939937143
270,PSO J318.5−22,113.0,6.5,1.53,1.53,761.5658718814262
271,HB 2124-4228,32.1,94.0,1.21,1.21,17608.975600846905
272,2MASS J21392676+0220226,26.3,46.0,0.96,0.96,13689.649986046441
273,2MASS J21481628+4003593,,55.0,0.99,0.99,15391.086501659593
274,2MASS J14112131-2119503,93.0,30.0,,1.18,5909.275239720782
275,2MASSW J2206450-421721,154.0,22.0,1.33,1.33,3411.115129238865
276,2MASSW J2208136+292121,38.0,27.0,1.41,1.41,3724.796217196568
277,2MASSW J2224438-015852,35.0,61.0,0.99,0.99,17070.11412002246
278,2MASS J22282889-4310262,64.0,42.0,0.94,0.94,13036.786760187986
279,2MASS J22373255+3922398,56.0,73.0,1.04,1.04,18511.13978046311
280,2MASSW J2244316+204343,56.0,12.0,1.29,1.29,1977.7837494831365
281,2MASS J23224684-3133231,148.0,24.0,1.39,1.39,3406.8939884218084
282,2MASS J23225299-6151275,67.0,17.0,1.59,1.59,1844.3003618578211
283,2MASS J23515044-2537367,74.0,88.0,1.16,1.16,17936.74658772481
284,2MASSI J2356547-155310,23.2,80.0,1.09,1.09,18467.749277641542
285,WISE 0005+3737,87.1,30.0,,1.18,5909.275239720782
286,WISE 0008-1739,48.6,30.0,,1.18,5909.275239720782
287,WISE 0015-4615,71.8,30.0,,1.18,5909.275239720782
288,WISE 0031-3840,62.9,30.0,,1.18,5909.275239720782
289,WISE 0032-4946,36.9,30.0,,1.18,5909.275239720782
290,WISE 0038+2758,101.8,30.0,,1.18,5909.275239720782
291,WISE 0038+8405,47.6,30.0,,1.18,5909.275239720782
292,WISE 0040+0900,62.6,30.0,,1.18,5909.275239720782
293,WISE 0049+0441,24.1,30.0,,1.18,5909.275239720782
294,WISE 0049+2151,142.9,30.0,,1.18,5909.275239720782
295,WISE 0106+1518,67.2,30.0,,1.18,5909.275239720782
296,WISE 0123+4142,77.3,30.0,,1.18,5909.275239720782
297,WISE 0135+1715,57.7,30.0,,1.18,5909.275239720782
298,WISE 0138-0322,20.5,30.0,,1.18,5909.275239720782
299,WISE 0146+4234,30.0,30.0,,1.18,5909.275239720782
300,WISE 0148-7202,61.3,30.0,,1.18,5909.275239720782
301,WISE 0150+3827,58.4,30.0,,1.18,5909.275239720782
302,WISE 0206+2640,73.1,30.0,,1.18,5909.275239720782
303,WISE 0221+3842,47.0,30.0,,1.18,5909.275239720782
304,WISE 0223-2932,91.0,30.0,,1.18,5909.275239720782
305,WISE 0226-0211,53.8,30.0,,1.18,5909.275239720782
306,WISE 0241-3653,56.1,30.0,,1.18,5909.275239720782
307,WISE 0245-3450,57.1,30.0,,1.18,5909.275239720782
308,WISE 0247+3725,75.0,30.0,,1.18,5909.275239720782
309,WISE 0305+3954,82.8,30.0,,1.18,5909.275239720782
310,WISE 0307+2904,28.0,30.0,,1.18,5909.275239720782
311,WISE 0313+7807,106.3,30.0,,1.18,5909.275239720782
312,WISE 0316+4307,84.8,30.0,,1.18,5909.275239720782
313,WISE 0321-7347,45.3,30.0,,1.18,5909.275239720782
314,WISE 0323-6025,51.2,30.0,,1.18,5909.275239720782
315,WISE 0325-3854,36.5,30.0,,1.18,5909.275239720782
316,WISE 0325+0831,54.8,30.0,,1.18,5909.275239720782
317,WISE 0333-5856,45.7,30.0,,1.18,5909.275239720782
318,WISE 0335+4310,55.4,30.0,,1.18,5909.275239720782
319,WISE 0336-0143,17.7,30.0,,1.18,5909.275239720782
320,WISE 0350-5658,19.2,30.0,,1.18,5909.275239720782
321,WISE 0359-5401,20.0,30.0,,1.18,5909.275239720782
322,WISE 0410+1502,85.8,6.0,1.17,1.17,1202.1440344491518
323,WISE 0410+1411,66.2,30.0,,1.18,5909.275239720782
324,WISE 0413-4750,69.8,30.0,,1.18,5909.275239720782
325,WISE 0448-1935,35.9,30.0,,1.18,5909.275239720782
326,WISE 0458+6434A,35.9,15.0,4.2,4.2,233.22207607106628
327,WISE 0458+6434B,47.0,10.0,3.8,3.8,189.93709242352767
328,WISE 0500-1223,44.7,30.0,,1.18,5909.275239720782
329,WISE 0513+0608,98.2,30.0,,1.18,5909.275239720782
330,WISE 0525+6739,57.4,30.0,,1.18,5909.275239720782
331,WISE 0528-3308,47.0,30.0,,1.18,5909.275239720782
332,WISE 0535-7500,84.8,30.0,,1.18,5909.275239720782
333,WISE 0539-1034,50.6,30.0,,1.18,5909.275239720782
334,WISE 0542-1628,25.4,30.0,,1.18,5909.275239720782
335,WISE 0607+2429,57.7,30.0,,1.18,5909.275239720782
336,WISE 0611-0410,95.2,30.0,,1.18,5909.275239720782
337,WISE 0612-4920,64.9,30.0,,1.18,5909.275239720782
338,WISE 0612-3036,50.2,30.0,,1.18,5909.275239720782
339,WISE 0614+3912,51.5,30.0,,1.18,5909.275239720782
340,WISE 0614+0951,37.5,30.0,,1.18,5909.275239720782
341,WISE 0623-0456,67.2,30.0,,1.18,5909.275239720782
342,WISE 0625+5646,37.2,30.0,,1.18,5909.275239720782
343,WISE 0627-1114,28.0,30.0,,1.18,5909.275239720782
344,WISE 0647-6232,54.1,30.0,,1.18,5909.275239720782
345,WISE 0656+4205,23.2,30.0,,1.18,5909.275239720782
346,WISE 0713-2917,45.7,30.0,,1.18,5909.275239720782
347,WISE 0723+3403,78.3,30.0,,1.18,5909.275239720782
348,WISE 0733+7544,34.9,30.0,,1.18,5909.275239720782
349,WISE 0734-7157,47.3,30.0,,1.18,5909.275239720782
350,WISE 0744+5628,51.5,30.0,,1.18,5909.275239720782
351,WISE 0750+2725,39.1,30.0,,1.18,5909.275239720782
352,WISE 0751-7634,38.8,30.0,,1.18,5909.275239720782
353,WISE 0759-4904,32.0,30.0,,1.18,5909.275239720782
354,WISE 0811-8051,63.6,30.0,,1.18,5909.275239720782
355,WISE 0812+4021,46.0,30.0,,1.18,5909.275239720782
356,WISE 0819-0335,68.2,30.0,,1.18,5909.275239720782
357,WISE 0821+1443,72.4,30.0,,1.18,5909.275239720782
358,WISE 0836-1859,42.1,30.0,,1.18,5909.275239720782
359,WISE 0857+5604,51.5,30.0,,1.18,5909.275239720782
360,WISE 0906+4735,64.9,30.0,,1.18,5909.275239720782
361,WISE 0929+0409,72.1,30.0,,1.18,5909.275239720782
362,WISE 0952+1955,47.6,30.0,,1.18,5909.275239720782
363,WISE 1018-2445,56.8,30.0,,1.18,5909.275239720782
364,WISE 1019+6529,47.3,30.0,,1.18,5909.275239720782
365,WISE 1039-1600,53.2,30.0,,1.18,5909.275239720782
366,WISE 1042-3842,40.8,30.0,,1.18,5909.275239720782
367,WISE 1051-2138,57.7,30.0,,1.18,5909.275239720782
368,WISE 1122+2550,50.6,30.0,,1.18,5909.275239720782
369,WISE 1124-0421,102.0,30.0,,1.18,5909.275239720782
370,WISE 1147-2040,32.9,30.0,,1.18,5909.275239720782
371,WISE 1150+6302,34.2,30.0,,1.18,5909.275239720782
372,WISE 1217+1626A,34.2,12.0,,1.18,2363.710095888313
373,WISE 1217+1626B,55.4,6.0,,1.18,1181.8550479441567
374,WISE 1225-1013,44.4,30.0,,1.18,5909.275239720782
375,WISE 1311+0122,86.1,30.0,,1.18,5909.275239720782
376,WISE 1311+3629,32.9,30.0,,1.18,5909.275239720782
377,WISE 1318-1758,56.1,30.0,,1.18,5909.275239720782
378,WISE 1320+6034,33.9,30.0,,1.18,5909.275239720782
379,WISE 1322-2340,91.0,30.0,,1.18,5909.275239720782
380,WISE 1348+6603,25.3,30.0,,1.18,5909.275239720782
381,WISE 1405+5534,84.8,30.0,0.86,0.86,11125.033590842642
382,WISE 1433-0837,60.0,30.0,,1.18,5909.275239720782
383,WISE 1436-1814,52.2,30.0,,1.18,5909.275239720782
384,WISE 1457+5815,11.1,30.0,,1.18,5909.275239720782
385,WISE 1506+7027,72.4,30.0,,1.18,5909.275239720782
386,WISE 1517+0529,50.9,30.0,,1.18,5909.275239720782
387,WISE 1519+7009,84.5,30.0,,1.18,5909.275239720782
388,WISE 1523+3125,20.0,30.0,,1.18,5909.275239720782
389,WISE 1541-2250,41.1,30.0,,1.18,5909.275239720782
390,WISE 1542+2230,55.4,30.0,,1.18,5909.275239720782
391,WISE 1612-3420,32.6,30.0,,1.18,5909.275239720782
392,WISE 1614+1739,50.2,30.0,,1.18,5909.275239720782
393,WISE 1617+1807,52.2,30.0,,1.18,5909.275239720782
394,WISE 1622-0959,50.2,30.0,,1.18,5909.275239720782
395,WISE 1627+3255,16.3,30.0,,1.18,5909.275239720782
396,WISE 1639-6847,28.0,30.0,,1.18,5909.275239720782
397,WISE 1647+5632,39.5,30.0,,1.18,5909.275239720782
398,WISE 1653+4444,60.3,30.0,,1.18,5909.275239720782
399,WISE 1711+3500,72.7,30.0,,1.18,5909.275239720782
400,WISE 1717+6129,62.3,30.0,,1.18,5909.275239720782
401,WISE 1721+1117,97.8,30.0,,1.18,5909.275239720782
402,WISE 1728+5716,20.0,30.0,,1.18,5909.275239720782
403,WISE 1738+2732,18.9,30.0,,1.18,5909.275239720782
404,WISE 1741+2553,83.8,30.0,,1.18,5909.275239720782
405,WISE 1746-0338,28.7,30.0,,1.18,5909.275239720782
406,WISE 1800+0134,30.0,57.0,,1.18,11227.622955469487
407,WISE 1804+3117,74.4,30.0,,1.18,5909.275239720782
408,WISE 1809+3838,47.0,30.0,,1.18,5909.275239720782
409,WISE 1812+2721,36.0,30.0,,1.18,5909.275239720782
410,WISE 1828+2650,107.0,30.0,,1.18,5909.275239720782
411,WISE 1830+4542,131.1,30.0,,1.18,5909.275239720782
412,WISE 1841+7000,55.4,30.0,,1.18,5909.275239720782
413,WISE 1852+3537,51.5,30.0,,1.18,5909.275239720782
414,WISE 1906+4508,22.8,30.0,,1.18,5909.275239720782
415,WISE 1928+2356,44.4,30.0,,1.18,5909.275239720782
416,WISE 1952+7240,37.2,30.0,,1.18,5909.275239720782
417,WISE 1959-3338,34.2,30.0,,1.18,5909.275239720782
418,WISE 2030+0749,96.2,30.0,,1.18,5909.275239720782
419,WISE 2014+0424,50.6,30.0,,1.18,5909.275239720782
420,WISE 2015+6646,47.9,30.0,,1.18,5909.275239720782
421,WISE 2018-7423,42.4,30.0,,1.18,5909.275239720782
422,WISE 2019-1148,24.5,30.0,,1.18,5909.275239720782
423,WISE 2056+1459,42.7,30.0,,1.18,5909.275239720782
424,WISE 2134-7137,61.6,30.0,,1.18,5909.275239720782
425,WISE 2157+2659,46.0,30.0,,1.18,5909.275239720782
426,WISE 2209-2734,58.7,30.0,,1.18,5909.275239720782
427,WISE 2213+0911,26.4,30.0,,1.18,5909.275239720782
428,WISE 2220-3628,45.0,30.0,,1.18,5909.275239720782
429,WISE 2226+0440,53.5,30.0,,1.18,5909.275239720782
430,WISE 2237-0614,46.0,30.0,,1.18,5909.275239720782
431,WISE 2237+7228,59.7,30.0,,1.18,5909.275239720782
432,WISE 2239+1617,44.7,30.0,,1.18,5909.275239720782
433,WISE 2255-3118,60.7,30.0,,1.18,5909.275239720782
434,WISE 2301+0216,35.9,30.0,,1.18,5909.275239720782
435,WISE 2313-8037,52.2,30.0,,1.18,5909.275239720782
436,WISE 2319-1844,37.5,30.0,,1.18,5909.275239720782
437,WISE 2325-4105,70.8,30.0,,1.18,5909.275239720782
438,WISE 2327-2730,90.3,30.0,,1.18,5909.275239720782
439,WISE 2335+4222,37.8,30.0,,1.18,5909.275239720782
440,WISE 2340-0745,51.2,30.0,,1.18,5909.275239720782
441,WISE 2342+0856,48.6,30.0,,1.18,5909.275239720782
442,WISE 2343-7418,46.0,30.0,,1.18,5909.275239720782
443,WISE 2344+1034,54.1,30.0,,1.18,5909.275239720782
444,WISE 2348-1028,54.8,30.0,,1.18,5909.275239720782
445,WISE 2357+1227,42.7,30.0,,1.18,5909.275239720782
446,WISE 2359-7335,111.0,30.0,,1.18,5909.275239720782
447,WISEA 1101+5400,120.0,30.0,,1.18,5909.275239720782
448,2M1510,,30.0,,1.18,1.4379488652686008e-09
